Store_ID,Item_ID,Sales_Rolling_30
6,51,23642.408333333333
2,51,14130.192666666668
3,47,11565.01
24,78,11579.966333333334
4,78,11785.335666666668
1,51,10395.204666666667
36,41,11093.860666666667
10,51,24767.24566666667
3,45,11086.545999999998
21,51,11256.014999999998
19,45,13149.933666666668
21,45,8004.924666666667
20,51,7668.611333333334
12,51,17639.476000000002
30,34,17438.357666666667
9,97,12241.089666666667
34,58,16429.768999999997
45,78,22059.111333333338
43,27,14983.657666666668
13,78,12426.258
26,51,15544.327333333333
32,51,11928.389666666666
30,27,10444.081333333334
27,51,10559.366666666667
24,51,16100.770333333332
45,51,18516.140000000003
18,51,16184.840666666667
33,6,16894.921
31,51,12885.902
28,51,7978.140333333333
14,45,11655.979
10,78,8810.460333333333
23,78,12917.467666666666
15,45,13355.693999999998
25,51,11070.984666666665
15,51,18578.07833333333
30,24,11014.684333333333
26,50,18193.086666666666
6,45,11558.650666666666
7,19,21397.939000000002
23,51,12129.706333333337
23,48,16011.093333333336
22,51,18701.843333333338
33,56,25982.121000000003
36,56,18379.196000000004
19,51,15582.601333333338
25,19,11920.054333333337
19,48,8443.700333333338
36,59,7117.312333333337
5,47,13773.311000000005
9,47,13864.097333333337
8,47,14618.254333333338
28,47,15438.566000000003
36,52,11509.309333333336
44,22,15220.333666666671
9,45,14981.491333333337
28,78,15671.910333333337
37,55,14144.54066666667
13,51,12698.053333333339
29,47,9287.629333333338
8,78,17558.50333333334
27,45,19975.181000000004
32,78,11788.016000000003
37,26,16597.09666666667
43,23,13944.63466666667
15,78,23917.499333333337
40,51,17373.97466666667
27,78,17362.799000000003
4,47,15066.358000000004
45,77,22211.05133333334
6,78,17306.233333333337
30,55,10092.836000000005
14,47,17584.437
27,77,19667.88166666667
9,98,11927.91166666667
19,78,18380.985000000004
3,51,14849.142333333339
36,23,16337.448333333336
22,48,15741.258000000005
15,47,11826.220000000005
12,47,13258.172666666671
11,45,12468.425333333338
34,45,11041.374000000003
19,19,11426.301000000005
43,33,13361.806000000004
30,49,16274.770000000006
32,48,12522.431666666671
5,45,15802.076333333338
18,78,8524.897333333336
25,45,11152.44766666667
31,47,27522.73366666667
39,47,12994.39366666667
24,45,15381.068000000003
33,33,22413.530000000006
25,47,15613.353000000003
33,24,18245.803000000007
12,78,19533.693000000003
8,45,18306.57466666667
31,45,17586.21666666667
33,59,10699.104666666672
7,51,17316.22666666667
16,51,14772.87466666667
18,45,16904.381333333335
29,51,11896.355666666672
30,26,10959.116333333337
26,45,11205.603000000003
22,45,10396.290666666671
4,51,16109.952000000003
36,55,19528.352333333336
28,45,22465.22633333334
23,47,20740.244333333336
34,51,12918.318666666672
2,47,22073.912000000004
2,78,13536.973000000004
20,45,13606.050333333338
41,47,13780.533000000005
3,98,12553.324000000004
38,24,16988.57166666667
43,44,13746.999000000003
44,55,14371.722333333337
39,51,13321.919333333335
13,47,14024.917000000005
5,98,12469.523666666671
42,22,12576.248000000003
11,51,18525.316000000003
12,45,20027.870333333336
37,24,11180.552000000003
32,47,15706.860666666671
20,77,18887.647333333334
35,51,22590.884666666672
39,45,22490.86366666667
30,17,7494.262333333337
37,20,9574.281000000004
17,51,16494.458000000002
29,49,18566.626000000004
43,59,14985.332000000004
36,6,12282.183000000006
45,47,16845.049000000003
30,22,14190.064000000004
30,23,13952.58766666667
30,99,11358.119000000004
41,51,7168.38066666667
23,45,15119.796666666669
21,47,15974.944666666672
38,33,15932.510000000004
38,22,16452.673666666673
30,41,22452.070000000003
30,44,19836.775666666672
42,20,21333.96466666667
16,47,8478.819000000005
42,72,16032.512666666671
40,47,18300.039333333334
9,80,13112.554333333337
45,49,11121.997333333336
18,47,19003.439333333336
29,58,12189.439000000004
6,47,20454.728333333336
11,47,12341.004000000006
34,47,17492.530000000006
7,47,7762.390666666671
1,47,13763.78466666667
45,45,8767.39566666667
34,19,11671.53266666667
9,54,13590.150333333337
44,59,16356.91266666667
35,47,15984.924000000003
27,47,16944.63333333334
10,47,11836.765333333338
33,23,14398.011000000004
35,19,19068.513000000003
33,22,12124.74333333334
33,31,21339.65266666667
1,99,11615.292333333338
33,52,11875.21266666667
33,41,12241.929333333337
33,44,11681.516333333337
34,99,11644.86666666667
14,96,13030.105000000005
12,49,14818.031333333336
25,54,9375.536000000002
2,99,7866.026333333338
11,99,15307.732000000005
14,99,17840.428000000004
24,99,24863.081666666672
13,99,17634.840000000004
14,51,17859.296000000006
40,99,29107.306
20,47,27630.885000000006
14,54,27415.343666666668
3,80,20132.248333333337
19,99,21035.00833333334
42,71,20996.68466666667
6,99,20602.54233333334
22,47,20414.22033333334
39,99,18870.942333333332
20,99,11910.538000000002
20,96,12383.552333333337
2,45,15235.013333333336
29,54,10664.81566666667
4,99,12848.179333333337
36,72,8885.833333333338
31,99,18743.26333333334
5,54,27366.986
16,54,25366.501000000004
36,32,18092.423666666673
44,44,15722.042666666672
38,55,13408.472333333337
26,99,20137.995333333336
27,99,18739.094
10,45,19326.566000000003
28,99,22662.34533333334
5,49,8990.425333333338
5,59,12477.260000000004
18,54,14295.190333333338
37,33,10421.085666666671
37,44,15537.41233333334
15,54,15654.162333333337
37,6,12000.613000000005
23,94,21290.76433333334
38,85,20216.959000000006
26,54,20417.714666666674
24,54,13115.06066666667
21,54,19986.860000000004
38,20,14577.676666666672
38,26,14839.426666666668
33,25,13619.903666666673
32,45,17901.021666666667
43,32,15581.913333333338
43,49,12365.496333333338
35,96,7513.358333333336
7,45,7668.86066666667
7,54,6316.475000000004
43,31,13191.044333333337
13,45,24784.30166666667
36,22,13843.917333333338
36,87,26398.62266666667
43,26,11342.77266666667
45,97,11395.688666666672
26,14,11752.615000000003
26,16,11841.673000000003
35,35,11618.503000000004
32,40,12552.44266666667
28,93,13379.850333333337
32,20,13508.982333333339
34,44,12021.508000000005
38,79,12107.10366666667
26,20,12009.979666666672
35,36,12016.755333333338
36,11,11980.813000000002
26,19,12032.310333333337
32,41,12127.210333333338
30,14,11590.438000000004
28,38,12780.459666666671
26,18,12800.066333333338
34,46,12907.719333333338
2,29,13108.764333333336
26,17,12414.54166666667
37,82,12358.531000000004
34,48,11778.20366666667
30,16,10811.722000000003
2,36,10559.606000000003
31,26,10823.872000000005
6,6,10012.156333333338
38,80,10284.576333333338
34,49,9574.409333333337
31,25,9859.34766666667
35,92,10733.266000000005
30,18,10564.754000000004
26,8,11108.980000000005
30,28,10938.122333333338
34,60,10839.62666666667
26,7,9272.149666666672
5,33,8018.029000000005
37,2,8446.590333333337
32,37,8421.359000000004
34,65,9673.838333333339
38,83,9646.488666666672
35,33,9883.17066666667
6,7,10621.812333333339
31,22,10842.09866666667
28,41,10754.088333333339
26,6,10824.033333333336
37,59,9283.39066666667
26,5,9573.017333333339
30,31,9075.750333333337
31,21,8993.52033333334
34,67,8967.744333333338
32,21,8887.572000000006
5,87,9115.642333333339
28,91,10605.550333333338
2,95,15452.723000000004
34,71,15268.620000000003
30,32,15089.416666666668
26,4,15506.226333333336
28,42,15633.851000000004
34,59,15343.662333333337
38,82,14418.22166666667
31,23,14981.721000000003
1,1,14868.543666666668
34,52,14915.02066666667
2,94,17360.573333333337
26,13,17569.255333333334
5,58,17542.009000000002
2,4,18418.685
37,3,18369.324333333338
34,54,16817.146333333334
38,81,17096.300333333336
1,59,16736.63366666667
32,38,18324.585333333336
37,4,18677.372000000007
34,55,18838.03066666667
28,92,21606.494666666673
26,12,21726.57066666667
45,93,21305.64466666667
35,34,22064.41
36,79,22341.746000000003
26,11,22602.123000000007
30,21,22494.22866666667
31,24,22270.158000000003
36,4,21007.605333333337
26,10,16453.57866666667
34,56,16393.357000000004
28,40,17802.889000000006
26,9,17492.97133333334
30,25,17286.385666666672
45,85,17325.144333333337
30,20,17114.127333333337
2,19,16642.973000000005
36,74,15851.965666666672
36,2,16194.259000000004
45,81,14217.39466666667
37,7,13540.461666666672
31,35,13567.741000000004
26,41,12121.823000000004
2,49,12587.468333333336
34,30,12632.789666666673
32,46,13125.870333333338
26,40,14343.09133333334
2,6,12227.700000000004
36,60,11604.07966666667
28,32,11606.758000000003
30,4,9189.372333333338
35,42,9353.839333333339
38,59,9278.888000000004
26,38,12199.808000000003
5,30,11821.375333333337
31,34,11729.181333333338
30,5,11703.808333333338
26,36,11593.813000000004
5,34,11409.481333333337
26,35,11159.110000000004
28,96,12079.78666666667
31,33,10810.907333333338
34,32,10438.556333333338
32,18,10872.637000000004
26,34,11088.311666666672
35,41,11137.86833333334
34,31,11057.334333333338
30,6,11043.024666666672
26,42,10776.33266666667
30,3,10328.849333333339
5,74,10400.965666666669
1,87,11956.30533333334
28,30,12037.162000000004
26,48,11544.443333333336
34,25,11653.608333333337
37,8,11407.913666666669
32,49,10350.81066666667
26,47,10133.360666666671
34,26,10278.105333333337
26,46,10347.587333333337
35,44,9965.952333333338
31,36,9698.566333333338
29,98,9704.727333333338
2,91,8708.374000000005
28,97,9350.354000000003
30,1,9287.142333333335
26,44,9408.54566666667
6,5,10324.174000000003
28,31,10280.835333333338
34,27,10231.28933333334
32,17,9760.694000000005
30,2,10033.075333333338
34,28,9929.771333333338
38,56,9495.714000000004
37,85,9236.111333333338
1,60,9218.388000000004
2,28,9215.342000000004
34,29,9283.195000000003
38,52,9158.699666666671
5,56,9170.193333333336
28,33,9380.125000000004
38,60,7783.906000000004
34,37,7768.81566666667
28,36,7764.980333333337
30,10,7616.91166666667
26,26,7155.625000000004
34,38,8570.104333333338
26,25,8776.583000000004
31,29,8758.183666666671
34,40,9783.897000000003
26,24,9793.22566666667
30,11,9797.205000000005
2,5,10693.565333333336
2,3,8383.195666666672
31,28,7737.029666666671
26,27,7433.895333333337
38,74,7310.927000000004
30,12,6368.40766666667
2,93,8853.319333333338
28,37,8886.660333333337
32,42,8669.547000000004
26,23,8726.53866666667
2,56,8765.807333333338
34,41,8781.583000000004
5,72,9142.717333333338
26,22,9343.200333333338
28,94,10479.697000000006
30,13,10780.035333333339
26,21,10951.950666666671
34,42,11074.897666666673
35,38,11821.666000000003
38,72,11819.88366666667
28,95,14433.163000000004
31,30,14512.960666666671
2,37,14653.239000000003
32,44,14704.88066666667
26,33,13218.376333333339
34,33,13106.057333333338
31,32,13168.558666666671
26,32,11952.082000000004
28,34,12334.139666666671
34,34,12519.787333333337
2,92,17482.266333333337
31,31,17185.24666666667
30,7,17169.902000000006
26,31,17165.171000000002
34,35,17206.38266666667
28,35,17273.248000000003
1,95,18853.17566666667
38,67,18822.74733333334
26,30,18646.53033333334
30,8,18579.01333333334
35,40,19758.208000000002
37,56,19746.922333333336
26,29,19513.572000000004
32,19,19344.12233333334
37,83,18266.341000000004
30,9,17897.380000000005
36,67,17744.590000000004
26,28,17605.424000000003
34,36,16577.66466666667
37,5,16599.483000000004
36,3,13919.512666666671
31,27,13856.28766666667
28,44,13872.551333333337
28,46,14267.453333333337
30,38,16101.745000000003
28,60,16022.085333333338
25,42,16042.236333333336
35,6,16052.135000000004
37,74,15615.800333333338
35,25,15909.614333333337
1,85,10142.051333333337
38,98,10247.52066666667
32,25,10495.229666666672
25,41,10551.542000000005
30,87,10510.598000000004
35,7,11176.59966666667
2,33,7250.555333333336
25,40,8615.25366666667
36,94,9569.381000000003
31,6,9195.552000000003
35,8,8616.006333333336
32,30,8668.924333333336
28,67,8708.941666666671
35,9,8948.41866666667
30,90,10090.995666666671
39,1,11308.055000000004
35,24,11692.698000000004
3,1,12036.701000000005
37,67,12120.343666666671
31,5,12743.831000000004
25,37,12840.44866666667
30,91,13851.07066666667
35,10,14210.547000000004
25,38,15056.10066666667
35,5,13778.214000000004
25,44,13900.182333333336
32,31,13800.462000000003
31,9,14010.22866666667
28,83,14159.990333333337
36,95,14696.529333333337
2,98,15084.930000000004
28,58,14959.672000000004
25,55,14826.003000000002
35,1,15380.675000000005
2,20,15519.982333333339
30,81,15144.53566666667
6,9,16533.333333333336
2,31,15252.467000000004
35,2,15730.73866666667
38,96,16094.491333333337
25,52,15487.986000000003
35,26,15982.456666666669
32,32,15969.901333333337
30,82,15796.864000000003
25,50,14629.788666666669
31,8,14260.685000000003
28,59,13861.128666666673
38,97,13821.232333333337
28,82,14312.290333333338
35,3,13927.186333333337
25,49,14236.045000000004
30,83,13226.43966666667
31,7,13349.155333333336
35,4,12493.97066666667
25,46,12402.189000000006
30,85,12263.469000000005
6,10,13692.288333333338
36,93,13879.32966666667
25,36,13743.174666666671
28,71,12833.965333333337
5,90,12455.544000000002
36,92,13509.155000000002
25,29,13483.290333333338
36,9,12827.982666666672
35,16,12682.495666666671
25,28,12347.735666666671
35,22,11393.01666666667
31,1,11920.10766666667
28,72,11924.948333333337
37,72,11533.289666666671
30,96,12108.197000000006
39,4,13169.059000000005
25,27,13059.898000000005
35,17,13409.801666666672
28,79,14569.608333333337
1,56,13765.84466666667
35,18,14118.914666666671
6,11,14330.290333333338
5,67,13837.440333333336
5,28,13578.874000000005
25,26,13301.810000000003
30,97,13698.634333333339
35,20,13370.192666666671
2,32,13144.100000000004
25,25,12834.198333333336
32,27,12904.12566666667
1,97,12565.77766666667
36,91,12356.67966666667
25,24,12432.682333333336
3,2,12964.927666666668
2,1,14053.377333333337
30,95,14427.044666666672
32,28,14370.867666666669
31,4,15527.160333333337
32,29,15650.458000000004
25,35,15691.89166666667
35,11,15527.54166666667
2,54,14893.041333333336
25,34,13694.412333333337
1,98,14128.496000000005
28,81,14160.11466666667
5,29,12579.62866666667
45,91,13063.488666666672
30,92,14473.217333333336
36,90,14144.554333333337
39,2,16496.715333333337
35,12,16216.667000000003
25,33,15783.54866666667
32,26,15915.984333333337
25,32,16016.98666666667
35,23,17293.46766666667
25,31,16898.019333333337
30,93,17370.178000000004
31,3,17269.47866666667
36,8,17122.092000000004
28,80,17624.027000000002
31,2,18413.608000000004
35,13,19191.25566666667
39,3,19512.628000000004
30,94,19693.73133333334
25,30,18547.789
5,27,17079.479333333336
35,14,17867.90766666667
37,81,17074.36966666667
28,56,16955.816000000003
30,80,17108.691000000003
25,93,16677.741333333335
36,81,17008.22633333334
2,55,17027.44866666667
34,82,17165.42466666667
6,8,18101.382333333335
2,30,18203.208333333336
2,96,18949.145000000004
30,46,17240.204666666672
25,92,17862.279333333336
34,83,15568.388000000004
31,17,15775.698000000004
32,35,15725.17166666667
25,91,15769.200333333336
36,98,15829.21366666667
5,32,14500.989000000003
1,96,15697.13266666667
37,80,15313.863333333338
30,52,15075.675333333338
5,71,14982.547666666671
34,85,14460.53566666667
38,91,13321.82566666667
28,87,12648.57266666667
25,87,12446.695333333337
31,16,11710.64166666667
35,30,11810.963666666672
30,56,11796.793000000003
25,85,11052.936000000003
1,91,12820.66566666667
25,90,13273.572333333337
34,81,13607.29566666667
38,90,14810.087000000003
28,49,14872.494333333336
34,72,15860.364000000003
26,3,15501.655333333336
36,80,14445.783666666672
2,35,14390.458000000004
26,2,13976.415000000005
32,36,13867.030333333336
35,32,12529.58966666667
31,20,12615.014666666671
26,1,13005.413333333338
37,1,13454.367666666669
25,98,13211.750000000004
34,74,13252.550000000005
31,19,13166.095000000003
32,22,12280.863333333338
38,87,11914.142000000002
30,40,12690.226666666671
34,79,13189.454333333337
25,97,13238.91966666667
36,12,12388.677000000003
28,90,13977.793000000003
25,95,15289.803333333337
34,80,15586.465333333337
31,18,15687.59466666667
35,31,15830.946000000004
36,5,15759.157666666672
25,94,13818.99766666667
30,42,13360.724666666672
32,23,13452.997333333336
5,46,12357.759666666672
1,83,12158.521000000004
25,83,10839.429000000004
34,87,10895.865333333339
31,14,10901.593333333336
34,94,12125.481000000003
35,28,11301.019333333335
25,71,11319.54166666667
31,11,11468.11566666667
30,72,11283.52666666667
2,52,10737.733000000004
36,96,10704.464000000004
38,94,11400.353333333338
1,58,11418.451333333338
37,79,11665.498333333338
34,95,13647.751333333337
28,85,13643.349000000006
25,67,13139.37766666667
31,10,13180.370666666671
34,96,13829.021666666671
25,60,13832.244666666671
30,74,11848.311333333339
5,60,10316.754333333338
25,59,9917.58866666667
34,97,10298.819666666672
36,7,10161.044333333335
30,79,10341.215000000002
5,31,10163.88266666667
36,10,10172.375333333335
34,98,9848.650333333337
38,95,11142.858333333337
25,58,10956.878000000004
35,27,11028.687333333337
36,83,10819.967000000004
1,79,11217.60366666667
25,56,9971.055666666673
32,33,10097.562333333337
25,74,10386.727333333338
32,24,10255.484666666673
2,2,12390.021000000004
45,80,12285.262333333338
38,92,13487.988666666672
30,59,12756.849000000004
36,97,12690.503000000002
25,82,12810.603000000003
28,52,10543.764333333336
34,90,12120.73066666667
28,54,11848.641000000003
25,81,11632.933666666671
31,13,12358.170333333337
2,21,12619.669000000004
32,34,13041.763666666671
34,91,14291.616333333337
35,29,14551.984333333337
2,97,15303.047000000004
30,60,15310.439666666673
25,80,15137.005666666671
37,60,15142.915000000005
28,55,15325.87733333334
34,92,17514.867000000006
38,93,16711.171000000006
30,67,16741.59966666667
36,82,16815.079000000005
25,79,17070.41066666667
2,34,16632.374000000003
31,12,16658.831666666672
34,93,17622.855000000003
25,72,18263.633000000005
26,49,18250.121000000003
31,40,18078.469333333334
34,24,18127.789000000004
38,9,16461.41666666667
2,44,16826.15666666667
33,20,16666.485000000004
2,79,17212.126000000004
27,41,17220.063000000006
28,10,16243.594333333338
35,81,16455.45266666667
29,8,16844.657333333336
31,90,18408.876000000004
27,40,20471.719333333338
32,7,20691.542000000005
29,32,19530.98366666667
32,81,19803.048000000003
33,18,18431.525000000005
27,38,19641.114
37,23,19625.420333333335
28,11,19961.73866666667
36,25,19767.89966666667
38,10,17268.498000000003
2,60,16659.356333333337
27,37,16700.59366666667
33,26,16551.33566666667
5,97,16252.758000000003
31,87,16040.630000000005
27,36,16060.91466666667
35,80,14930.461000000005
29,33,14080.710666666671
37,22,13904.353333333336
33,21,11941.753333333336
29,31,11937.844333333338
31,91,14277.993000000006
33,17,13920.596333333338
33,12,13920.60466666667
27,54,13007.942666666671
5,82,13056.557666666671
5,96,12678.77866666667
36,21,12471.885000000004
32,83,11861.761333333337
33,13,9063.962000000003
27,52,6825.044333333338
29,28,6212.72966666667
37,25,6115.4606666666705
31,93,7748.82166666667
27,50,7849.6436666666705
33,14,6647.910000000004
35,82,7027.953000000004
27,49,7185.790333333338
28,8,8244.35066666667
29,9,8540.048333333338
29,29,8711.587000000005
38,8,8997.948000000004
5,40,9659.976000000002
27,46,10871.928000000005
5,92,10901.600333333337
31,92,15530.74266666667
27,44,15701.599333333337
33,16,15537.989333333337
28,9,15972.53266666667
32,82,16539.542666666668
29,30,16540.581666666672
27,42,14531.246000000005
27,35,14650.343333333336
32,80,15273.081000000004
27,34,15801.447333333337
33,32,15677.672333333338
35,74,15992.432000000004
36,26,15990.400333333337
27,28,15918.40766666667
32,79,16153.529000000004
5,81,16157.99166666667
31,82,16763.925333333336
37,93,17598.90266666667
1,81,16428.675000000003
33,46,16374.562000000005
38,13,16742.749333333337
27,27,15934.55466666667
29,7,15311.256000000003
27,26,15564.580000000004
29,40,16370.126000000002
33,55,16004.099000000004
27,25,15754.112333333336
36,31,14524.698333333336
33,60,14213.929000000004
29,41,9498.928333333337
28,14,9761.656666666671
31,81,10580.748333333338
38,14,10171.123666666672
33,67,9626.755666666671
6,1,10478.998000000003
27,24,10516.754666666671
35,72,13015.105333333338
2,42,12676.690333333338
27,23,13526.276333333339
27,29,13792.728000000005
35,94,13222.568000000005
29,38,14694.911000000004
28,13,15831.420666666672
31,85,15405.166000000005
32,8,16156.936666666672
2,12,15791.646000000004
37,94,16101.892333333339
38,11,15126.864333333338
29,34,15442.725000000004
37,42,15056.619666666671
1,71,15131.91266666667
33,38,15712.30566666667
37,21,15340.584333333338
27,33,15145.206333333337
35,79,14968.514000000005
32,9,15713.182000000004
2,25,15750.858666666672
27,32,15936.543333333339
35,95,17179.810000000005
31,83,17458.666000000005
29,35,17106.493000000006
33,40,16506.125000000004
2,80,17378.739666666672
28,12,17458.173000000003
27,31,16638.952333333338
33,42,16269.372333333338
2,48,13817.644000000004
5,38,15390.190666666671
38,12,14013.06766666667
27,30,13877.532000000003
36,14,13915.312333333337
29,36,12493.251333333339
1,93,13823.87466666667
2,17,14188.532000000003
38,7,13348.976666666671
29,27,13137.058000000003
2,71,12168.11033333334
27,92,16861.529666666673
32,1,17514.28166666667
32,96,17586.310000000005
32,5,18275.084333333336
27,91,19562.740000000005
28,3,19766.285333333337
32,97,19958.03966666667
2,67,19509.320000000003
27,90,21782.59533333334
36,18,21341.126000000004
32,98,21444.86966666667
29,19,20200.603000000003
2,46,20781.967333333338
2,16,20959.170000000002
1,72,21942.16366666667
32,99,21043.05733333334
2,14,21576.463000000003
1,90,24421.473666666672
29,12,24480.20633333334
27,87,24855.42733333334
45,83,23022.77466666667
35,90,23456.11466666667
37,32,23325.465333333337
37,31,23294.615
27,85,23364.929000000004
28,4,21680.668000000005
27,83,21488.241333333335
38,2,21887.035333333337
5,95,22472.495000000003
29,18,22420.09533333334
29,13,18313.29466666667
45,87,17533.103333333336
32,3,17854.30966666667
27,98,17455.24466666667
5,42,15584.310000000003
27,97,15923.541000000003
37,97,15877.545333333337
32,92,19109.91833333334
29,14,16311.477333333336
30,98,16441.34366666667
37,98,16366.84466666667
27,96,16903.677000000003
32,93,17081.165333333334
32,91,18425.065000000002
37,38,19308.229333333336
27,95,22675.83966666667
32,4,22988.55233333334
32,94,21769.60866666667
27,94,23724.501000000004
29,16,23247.829666666672
36,17,23231.40333333334
32,2,24604.731000000007
27,93,26270.402000000006
29,17,26548.030333333336
1,92,31303.917
28,2,32101.719
32,95,34594.414333333334
38,1,34487.171
45,94,33995.252
35,91,34098.422000000006
32,90,35633.113333333335
33,1,35494.85733333334
31,98,35471.847666666676
27,82,35912.26933333334
27,71,36152.475
29,24,35732.19033333333
33,8,35382.270000000004
28,6,31858.838000000003
27,67,31955.199000000004
35,85,31862.430333333337
32,85,31699.748000000003
27,60,31164.81566666667
29,25,30367.20066666667
33,9,28765.079000000005
37,40,27632.203
2,24,24493.854000000003
27,59,23551.44066666667
31,95,25303.239666666672
33,10,23293.358333333337
29,26,23408.11833333334
38,6,23401.217333333334
2,13,23101.749000000003
27,58,21522.911333333337
37,27,21235.63133333334
27,56,16379.56266666667
33,11,14761.184000000003
28,7,12866.73266666667
31,94,14837.25766666667
29,10,14952.321000000004
2,74,15239.848000000004
35,83,13163.856333333337
27,55,13351.817333333338
37,95,14855.191333333338
38,5,14071.74866666667
36,16,13761.11366666667
31,96,14536.89166666667
2,23,15104.782000000005
29,20,15138.635333333337
5,94,14822.252000000004
33,2,15043.336333333338
38,3,15001.999333333337
5,52,15013.599000000004
27,81,15621.90166666667
29,21,15723.431333333336
33,3,14769.469333333338
37,96,15285.542666666672
27,80,16054.288000000002
29,11,12842.290000000005
35,87,13278.479333333338
5,41,13133.144000000004
31,97,14168.69466666667
29,22,12831.092333333338
38,4,13127.86166666667
37,28,13130.061666666672
35,93,13150.734000000004
2,72,14887.646666666671
32,6,14213.199666666673
27,79,13153.460333333338
33,4,13101.50166666667
32,87,12903.925666666672
36,20,12834.30366666667
27,74,13326.938000000004
28,5,12181.70666666667
33,5,12161.225333333337
27,72,14058.233000000004
29,23,13861.382333333337
33,7,13140.700666666671
37,18,13059.622000000003
31,80,13695.260333333337
33,74,13433.853000000003
37,11,13483.958333333338
2,18,14147.532333333336
34,9,13856.22166666667
36,46,13828.102333333338
37,90,15409.771333333336
38,32,14664.366000000004
26,87,14674.051666666672
35,54,14406.177333333337
29,85,13958.411333333339
26,85,12977.27066666667
32,56,12856.531000000004
34,10,12972.36666666667
26,90,14920.95766666667
31,49,15181.731333333339
29,2,14280.27266666667
26,83,14214.71266666667
34,11,13383.402333333337
29,87,13460.133333333337
45,92,14745.723333333335
26,82,15224.93266666667
2,8,16451.35066666667
2,22,16096.485333333338
29,90,16484.954000000005
28,26,14923.387666666671
2,87,14868.571000000004
26,81,15490.143000000004
34,12,15639.582000000004
38,34,15003.695000000003
34,8,15922.971000000003
29,83,15882.471000000003
28,25,15688.795333333339
34,4,15792.729333333338
37,12,15727.53866666667
32,13,15160.706000000004
38,28,15160.084666666671
31,55,14565.821000000002
34,5,15086.01366666667
32,58,15159.180333333336
38,29,15123.957333333336
37,49,15068.167333333338
29,81,15196.76366666667
1,94,16789.254333333338
2,85,14931.043333333337
31,54,14628.40766666667
26,94,15054.791333333336
28,24,15204.83566666667
2,40,17392.193333333336
34,6,17237.90833333334
6,3,16024.147000000004
26,93,16398.572000000004
1,80,15022.382000000005
35,55,14839.637333333338
31,52,14473.108333333337
29,82,14400.028666666673
38,31,13690.303333333339
26,92,16049.118666666673
34,7,16343.453333333338
32,14,16846.457000000006
5,91,15965.271333333338
26,91,17238.242666666672
37,10,16768.800000000003
2,27,16159.810000000005
34,13,16909.415000000005
35,52,15930.782000000005
38,42,15934.172333333338
2,58,16456.720000000005
26,59,15938.934000000005
34,21,15990.93766666667
32,16,16109.677000000003
2,7,17358.44866666667
35,49,17179.16833333334
37,52,15087.36233333334
38,44,14993.813000000004
2,38,17289.224000000002
28,1,16775.49533333334
37,87,16592.485000000004
2,90,17445.53366666667
32,54,17305.18666666667
26,56,16942.72366666667
34,22,16294.365666666672
26,55,15843.260333333337
31,38,18059.287333333337
29,95,19032.67966666667
28,98,19039.548000000006
35,46,19516.767333333337
32,52,16615.904333333336
29,97,16214.841000000004
38,46,15889.278000000002
26,52,15899.40166666667
31,37,14670.209333333336
34,23,15031.370666666671
28,29,15086.774000000003
1,82,14999.287000000004
37,9,14961.713000000005
29,80,14957.841333333337
34,20,14330.075333333338
29,94,14325.56866666667
38,38,16836.587333333337
29,1,17306.208000000002
26,80,16672.584333333336
6,4,17761.25366666667
31,46,18530.528333333335
36,1,18608.241333333335
5,26,16372.977000000004
26,79,16016.050333333336
29,91,16117.390333333336
34,14,13025.78466666667
28,27,13089.242333333335
26,74,13370.440000000004
31,44,13256.92966666667
5,35,13086.75066666667
32,55,10893.092333333336
34,16,10099.834000000004
29,92,10777.919000000002
38,40,10902.901333333339
5,44,10871.720000000005
26,72,11903.11866666667
31,42,11922.95366666667
45,90,12641.540666666671
26,71,12643.003333333336
34,17,12496.328000000003
29,93,12417.81766666667
26,67,11934.655000000002
34,18,12208.97566666667
26,60,12213.549000000003
28,28,12144.339333333337
31,41,12210.965000000002
36,44,9574.442666666671
28,23,9870.359000000004
26,95,11475.75566666667
29,52,10406.038666666669
35,67,9807.96766666667
38,18,9747.234000000004
1,74,10008.107666666672
27,14,10412.965666666672
29,4,10782.631666666672
37,16,10509.830000000005
37,92,12621.414666666671
33,87,12318.82866666667
32,11,12688.674333333336
31,71,12820.27666666667
45,82,13056.897000000003
35,97,12967.120000000003
2,82,12823.749333333337
33,90,13058.804333333335
27,13,14734.107333333337
29,55,13715.285666666668
5,55,13624.485000000004
32,71,13025.569333333337
27,12,13070.104666666672
33,91,13182.345000000005
29,56,13164.683666666671
27,11,13572.093333333336
33,92,14328.580333333337
2,10,15513.883333333337
27,10,16603.29866666667
31,67,16731.681666666667
2,41,16831.108333333334
28,19,15984.929333333337
33,83,13829.90366666667
35,60,13812.68466666667
31,72,15143.101000000004
33,82,15275.421333333335
32,74,15497.120666666671
2,81,15680.920333333337
28,16,15259.218333333336
27,22,15742.566000000003
2,11,14184.233000000004
31,79,15302.064000000006
29,42,14966.834000000003
29,6,14861.163666666669
38,16,14425.285000000005
27,21,14472.495666666671
33,79,14064.119000000002
32,10,14064.412333333337
37,17,12348.53266666667
27,20,12568.920000000006
33,80,12656.254666666671
28,17,12756.97566666667
31,74,13048.905333333336
35,71,12965.755333333336
27,19,12995.64166666667
32,72,13740.116000000005
27,18,13397.980333333337
29,5,12795.85066666667
29,44,11735.743333333337
33,81,11817.023333333338
38,17,11732.022000000004
28,18,12195.02066666667
27,17,12717.69866666667
29,46,13075.610666666671
36,38,12201.820000000003
27,16,12221.465000000004
38,49,11676.980000000005
27,9,11496.020333333337
32,12,11513.386000000004
29,71,11035.603000000005
37,91,11520.161000000004
33,98,10615.88366666667
37,13,11082.395000000006
38,25,11038.967000000004
31,58,11110.895000000002
27,2,13504.111000000003
35,58,13166.228333333336
5,36,12332.319666666672
27,1,13589.774333333336
35,98,13289.771333333336
34,1,13878.785333333337
29,72,14331.081000000004
26,98,14194.89566666667
31,56,13992.254333333338
28,22,14222.18466666667
34,2,13979.06166666667
29,74,13553.202000000003
38,27,12965.120000000003
32,59,12923.194666666672
1,67,12861.197333333337
34,3,13053.746333333336
2,9,13779.604333333335
26,97,13641.028000000002
29,79,13535.714000000004
35,56,12914.86566666667
5,85,12768.450333333338
26,96,13298.397333333336
36,42,12500.169000000004
28,21,12514.584000000003
2,59,12464.789000000002
27,3,11788.441333333338
33,97,11739.227000000004
5,79,11311.586000000003
38,21,11345.773000000005
29,59,11259.15166666667
45,95,10319.26066666667
27,8,11681.754333333338
33,93,12221.669333333337
36,40,11293.80666666667
37,14,11342.149333333336
27,7,11509.955666666672
33,94,11620.544000000004
32,67,11652.500666666669
37,46,11889.747333333336
36,13,11950.879000000004
2,26,11121.590333333337
38,23,10855.51666666667
27,6,10985.115000000002
33,95,11906.553333333339
35,59,11692.89466666667
31,60,11494.487000000003
29,60,10273.40166666667
27,5,10694.316333333338
28,20,10583.146333333338
32,60,10603.309000000005
29,67,10758.47566666667
2,83,10424.636000000002
33,96,10808.486000000004
27,4,11978.305333333336
29,3,12180.213333333339
28,74,12098.342333333338
6,2,13505.338333333337
31,59,13345.90766666667
7,30,13334.916000000003
25,23,13902.864000000005
4,38,14549.217000000004
6,97,13767.88266666667
13,26,13715.82366666667
13,27,13487.79733333334
42,98,13635.889333333336
13,28,12753.348333333337
13,29,12132.695000000003
13,30,11974.903000000004
13,31,11817.186333333339
42,97,12024.946333333337
13,32,12032.487333333336
13,33,12445.27033333334
43,1,12602.633333333339
4,37,11800.308000000003
42,96,12363.275000000003
13,35,12446.457000000004
13,36,12484.865666666672
6,96,12547.191666666671
13,37,12531.768000000004
13,38,15448.359333333336
42,95,17210.26966666667
13,40,19582.000333333337
13,41,19275.60966666667
13,42,18261.477666666673
13,44,18439.758000000005
42,94,19270.03766666667
13,34,18346.169
13,25,18853.743333333336
13,24,19199.313000000006
13,23,19618.532000000007
13,6,17545.53266666667
4,41,16949.37866666667
43,7,16467.575000000004
13,7,17782.857333333337
13,8,18822.82266666667
13,9,19980.725666666673
43,6,19762.436
13,10,20680.964666666674
13,11,21266.09566666667
13,12,20979.34966666667
43,5,20737.90033333334
13,13,21961.254000000008
13,14,22601.450000000004
43,4,23024.47533333334
13,16,22661.890000000007
45,38,24384.562666666672
4,40,26988.466666666674
6,98,26423.46666666667
13,17,26871.18366666667
43,3,23957.90033333334
13,18,23153.66633333334
13,19,20699.767000000003
13,20,20893.07866666667
13,21,20865.731000000003
1,20,20597.181333333338
43,2,20081.47333333334
13,22,19992.414000000004
4,36,19551.99333333334
13,5,20864.168000000005
13,46,21141.727000000003
42,93,21940.351666666673
13,90,26230.223000000005
4,33,26607.148000000005
13,91,28063.697333333337
13,92,32973.416000000005
42,82,32003.684000000005
13,93,33841.776000000005
6,94,34216.303
13,94,36029.02133333334
13,95,40350.427
42,81,40826.01466666667
13,96,39535.79833333333
13,97,39592.75066666667
42,83,39159.314333333336
13,98,39506.83900000001
14,1,38827.801333333344
4,32,36525.88133333333
14,2,38121.94933333334
42,79,37944.08933333334
14,3,38223.07233333334
14,4,38430.153333333335
14,5,39405.80533333334
14,6,39241.515666666666
1,22,39260.29833333334
42,74,39149.80133333334
5,18,38559.07700000001
6,93,39437.509000000005
42,80,39800.312000000005
13,87,38747.74266666667
13,85,37631.04033333333
45,40,37924.83733333334
13,49,33878.792
13,50,33531.973333333335
6,95,33397.61066666667
13,52,27421.986
42,92,29788.427000000007
13,54,27951.800333333336
4,35,26603.85233333334
13,55,24514.496000000006
13,56,19995.148000000005
1,21,19739.89066666667
42,91,20719.361
13,58,20044.692333333332
13,59,19942.361000000008
13,60,19421.98866666667
42,90,20050.51066666667
13,67,20195.603333333336
13,71,18475.38866666667
13,72,20434.60033333334
13,74,21021.53666666667
4,34,20448.477000000003
42,87,19402.152333333335
13,79,20996.31366666667
13,80,21370.305333333337
13,81,22475.94566666667
42,85,22409.620000000003
13,82,22022.272333333334
13,83,21734.546000000006
13,48,21160.41366666667
14,7,22215.13466666667
13,4,22376.481000000003
43,8,22527.10233333334
43,42,22492.809333333338
12,16,19871.214666666674
12,17,20079.43633333334
12,18,18274.84666666667
12,19,18367.906000000006
43,40,18932.874333333337
12,20,18679.591000000004
12,21,18722.140333333336
4,52,18559.057333333338
12,22,17525.334000000006
43,38,19038.160333333337
7,3,19218.582000000006
12,14,19716.415666666675
12,23,19132.320000000003
12,25,19243.454000000005
12,26,19643.071333333337
12,27,17354.708000000002
12,28,16483.582000000002
12,29,15914.808666666671
1,18,16223.283000000003
43,28,14519.705000000004
12,30,14020.512666666671
4,49,13170.886000000004
12,31,13255.79266666667
12,32,12409.315000000002
43,25,12262.314000000004
12,24,12583.376333333337
12,13,12881.836000000003
12,12,11596.824333333336
4,54,11144.502333333337
43,72,11145.827333333338
11,93,12048.799333333336
11,94,12938.15766666667
43,67,12170.42466666667
11,95,14415.800333333338
11,96,14432.840333333335
11,97,14766.762666666671
7,5,14949.533333333335
11,98,15174.907333333336
43,60,14894.343000000003
12,1,13732.906666666671
12,2,15969.031666666671
12,3,15824.469000000005
4,55,15077.111666666671
12,4,15346.147000000003
43,56,14706.441000000003
12,5,15495.106333333337
12,6,15625.812333333337
1,17,15679.774000000003
43,52,15327.855000000003
12,7,16342.379666666671
12,8,17584.913333333338
12,9,17808.600000000002
7,4,18154.724000000002
12,10,18515.88066666667
43,46,18731.046666666673
12,11,18804.21433333334
12,33,17617.953
13,3,17999.685666666668
12,34,18697.530333333336
12,36,18752.164666666667
12,80,17718.15366666667
12,81,16661.44966666667
12,82,17091.05266666667
4,44,14984.104000000003
43,12,14315.984000000004
12,83,13804.901000000005
5,17,13609.253000000004
7,1,13618.855333333338
12,85,13662.071666666672
12,87,13415.249000000003
1,19,11027.343333333336
43,11,10659.677333333337
43,13,10806.047666666671
12,90,10316.332333333337
12,92,11133.911000000004
12,93,10293.798666666671
43,10,10150.946000000004
12,94,9908.169000000004
12,95,11151.861333333338
12,96,10137.348000000004
4,42,9101.30666666667
12,97,8678.50766666667
43,9,8252.395000000002
12,98,7695.035666666671
13,1,9451.664333333338
13,2,11499.97866666667
12,91,11369.210333333338
4,45,10831.217666666671
12,79,11473.669000000004
12,74,11931.338333333339
12,38,14080.898666666671
45,36,13904.588333333339
43,22,13424.606000000003
12,40,14795.781000000004
43,21,14839.41866666667
12,41,14889.121333333338
4,48,14848.568000000003
12,42,14750.227000000004
12,44,14972.06966666667
43,20,14557.703333333337
12,46,15541.349333333337
43,18,15548.112666666671
12,52,15076.311000000005
12,54,14693.607666666672
43,17,13885.367000000004
12,55,14188.885000000004
12,56,14180.037333333337
4,46,15273.927666666672
7,2,14689.935000000003
12,58,14764.90166666667
43,16,14459.591000000004
12,59,14400.975000000004
12,60,14403.494666666671
12,67,14591.208000000004
12,71,12879.280000000004
43,14,10437.927000000003
12,72,11973.807000000004
12,35,12048.28166666667
4,56,10745.069333333338
14,8,11715.58966666667
4,31,9653.452000000003
15,40,10663.542000000003
6,81,11129.234666666669
15,41,9558.516333333337
15,42,9647.151000000005
42,1,9957.650333333337
15,44,10022.460000000003
15,46,10117.42966666667
4,19,9927.001000000006
15,49,10232.328333333337
41,99,9214.764666666671
41,98,9562.497333333336
15,50,9526.076000000003
15,38,11142.005000000003
15,52,11173.922000000002
41,97,11550.416000000005
15,56,11576.801333333337
15,58,10522.340333333335
6,80,10315.717000000004
15,59,10245.498666666672
15,60,10199.138000000004
4,18,11148.209000000003
41,96,11241.90566666667
15,67,11207.242333333337
15,71,11072.801000000003
1,26,11249.047333333338
15,72,10625.969000000005
15,55,10693.040333333338
42,2,11200.049000000003
15,36,9752.806333333338
15,35,9755.73066666667
15,18,8879.44766666667
6,83,8526.64366666667
15,19,8533.334333333338
42,8,9083.04666666667
15,20,8847.15766666667
15,21,8803.865666666672
15,22,8768.513000000004
15,23,9342.740666666672
1,25,9327.362333333336
42,7,9332.043333333339
15,24,9134.206000000004
15,25,9361.669333333337
4,21,8005.278000000004
15,26,8160.48066666667
42,5,7485.321333333338
15,27,7505.918000000004
15,28,7484.144000000004
6,82,7664.21866666667
15,29,7762.19566666667
42,4,8248.620000000004
15,30,7350.885000000004
15,31,7313.971000000004
15,32,7260.176000000004
15,33,7317.488666666671
42,3,7106.601000000004
15,34,6446.3446666666705
4,20,6586.693333333337
41,95,9175.508333333337
42,9,9136.754000000004
15,74,9420.018000000005
15,80,9249.91866666667
41,85,9207.751333333339
16,7,9398.538666666669
16,8,9194.150333333337
16,9,12765.07433333334
1,27,12742.881000000003
41,83,12556.844333333338
16,10,12331.602333333336
16,11,12583.91766666667
16,12,12712.83966666667
16,13,13008.15766666667
4,13,15198.106666666668
41,82,15613.263666666671
16,6,15534.905000000004
16,14,15782.504000000004
16,17,16033.339333333337
41,81,16682.13333333334
16,18,16232.790000000005
16,19,16198.155333333336
5,20,15738.20766666667
6,74,16317.212333333337
16,20,16308.04066666667
16,21,16212.479000000003
41,80,16794.563000000006
16,22,16565.81866666667
16,23,16699.40066666667
16,16,13628.688333333337
4,14,14515.106333333337
16,5,14557.97266666667
16,4,15042.969666666671
41,94,16716.576000000005
15,81,16621.809
4,17,16620.175000000003
15,82,13230.044000000004
15,83,13174.729000000003
41,93,14285.185000000003
45,44,13956.021333333338
15,85,13518.636333333337
15,87,13725.48066666667
15,90,13431.996666666671
15,91,11057.593000000004
41,92,14813.780000000004
15,92,15329.23366666667
15,93,15071.26066666667
15,94,14768.969666666671
4,16,14286.620666666671
41,91,15985.87866666667
15,95,16684.117000000006
15,96,16739.336333333336
15,97,16747.82366666667
15,98,16095.701333333338
41,90,18683.268666666674
16,1,19009.381
16,2,19094.500333333337
6,79,19614.05133333334
16,3,19419.19833333334
41,87,19885.49833333334
15,79,19235.794333333335
14,9,19255.04833333334
15,17,19118.45433333334
15,16,17486.703333333335
42,42,17356.868666666673
14,31,16984.375333333337
14,32,16923.660333333337
14,33,17217.906000000003
1,23,16579.559000000005
42,40,17137.948000000004
14,34,17798.28266666667
14,35,17573.529000000002
14,36,17473.727333333336
4,28,17387.029666666673
45,41,13027.749000000003
6,91,13891.062000000004
14,30,14005.243333333337
14,38,16805.738666666668
14,40,18623.322000000004
14,41,16878.70433333334
14,42,16325.87666666667
42,32,16240.514000000003
14,44,16384.198000000004
14,46,17169.134000000005
14,49,14928.536000000004
4,27,14600.667666666672
14,50,13980.547666666671
42,31,13248.47566666667
14,52,13110.961666666672
42,28,12583.223000000004
42,38,13695.396666666671
42,44,13257.066000000003
14,29,13141.458333333338
14,28,13080.14566666667
14,10,13593.05966666667
42,67,13524.676000000003
14,11,13795.387000000004
14,12,13623.029333333337
14,13,14708.67666666667
14,14,14616.329333333337
42,60,13859.082000000004
14,16,13816.671333333337
14,17,14315.37266666667
14,18,14989.915333333336
42,59,14921.270000000002
6,92,16766.953
14,19,16719.329666666672
4,30,14114.895000000006
14,20,12363.197000000006
14,21,12437.558000000003
42,56,12232.11666666667
14,22,12645.912333333337
14,23,13531.63266666667
42,52,12737.685333333337
14,24,12590.301000000003
14,25,12927.907333333336
14,26,13291.935333333337
14,27,13382.392000000003
4,29,13606.273333333336
42,49,13605.980333333337
42,46,12467.353666666671
14,55,12751.658333333336
4,22,13169.551333333337
14,56,13155.28766666667
42,27,12638.18866666667
14,95,16251.516000000003
6,85,15776.570000000003
4,24,15996.806666666671
14,97,15011.75166666667
42,14,14479.447333333337
14,98,14950.200666666671
15,1,15394.073333333337
15,2,15582.840000000004
42,13,15385.013000000004
15,3,15602.140666666672
15,4,12675.690333333336
15,5,13217.37466666667
14,94,14627.694000000001
42,12,14369.02666666667
15,7,14750.069333333338
4,23,16015.274000000005
15,8,16280.419333333337
42,11,15222.906000000004
15,9,15673.30166666667
15,10,15735.433333333338
15,11,15674.131000000003
15,12,15346.164000000002
42,10,15269.770333333337
45,42,15121.235000000006
15,13,15710.457333333337
15,14,15855.054000000004
15,6,15635.354000000003
42,16,15014.196666666672
1,24,15155.316666666671
14,93,16655.628333333338
5,19,13005.283000000005
6,90,14730.189000000006
14,59,14389.230333333338
14,60,13727.572666666672
4,26,14444.411666666672
42,25,13968.431000000004
14,67,13798.740000000003
14,71,13276.128000000004
14,72,15085.645000000002
42,23,14447.593666666671
14,74,14356.389000000003
14,79,13687.551666666672
42,21,13716.175000000005
14,80,14083.817333333336
14,81,13857.662000000004
6,87,14640.087000000003
14,82,15336.66366666667
14,83,15121.963333333339
4,25,15303.89466666667
42,18,14960.929333333337
14,85,14921.89466666667
14,87,15479.978000000003
42,17,15338.334000000003
14,90,17695.267333333337
14,91,19742.592333333338
14,92,24761.706000000006
14,58,25131.14766666667
4,12,25178.991
11,92,26322.649
11,90,27876.90966666667
8,82,26556.69666666667
8,83,26640.88066666667
44,95,27741.631666666668
8,85,27036.661333333337
5,1,27403.567333333332
8,87,27789.43733333334
8,90,28991.050000000003
44,94,27550.248000000003
8,91,28687.367666666672
8,92,30999.844
8,93,31497.070000000003
8,94,31446.91266666667
8,81,31846.19833333334
44,93,31291.485
8,97,30870.236000000008
8,98,29678.924000000003
8,99,28959.570000000007
44,92,30243.78033333334
9,1,30208.097666666672
9,2,31085.604000000003
9,3,31212.406000000006
4,98,31228.135666666672
44,91,31796.273
9,4,29469.46666666667
9,5,27669.606333333337
9,6,22656.505333333338
8,95,24400.00933333334
8,80,24531.53866666667
44,96,21994.534333333337
1,8,21728.684000000005
8,40,22600.942000000003
8,41,22557.968333333334
45,3,21656.957000000006
8,42,21776.447000000004
8,44,21558.890666666673
8,46,21378.531000000003
8,49,19995.936000000005
5,3,19234.193666666673
45,2,19259.200000000004
7,23,17439.77066666667
8,52,16459.78766666667
8,54,15572.43566666667
8,55,15333.00566666667
45,1,15563.468000000003
8,56,15016.135000000004
8,58,14780.914333333338
8,59,14785.446333333335
8,60,13273.727000000004
44,98,12903.970333333338
8,67,12198.964000000004
8,71,12061.690333333338
5,2,11869.296000000004
44,97,11523.251000000002
8,72,12091.610000000004
8,74,11729.364333333337
7,22,11902.466000000006
8,79,10461.541000000003
45,31,10188.927666666672
8,38,11947.859000000004
44,90,11812.860666666671
9,8,11323.862333333336
9,30,11329.524000000005
4,95,16281.425000000005
44,79,16264.35566666667
9,31,16135.515666666672
9,32,15752.664666666671
9,33,15781.421000000004
9,34,15838.953000000003
44,74,14690.492666666669
9,35,14221.425000000005
5,14,14284.23266666667
7,18,14460.900000000003
9,36,14285.759333333337
9,29,13704.778000000004
9,38,15838.888333333338
9,40,16914.584000000006
4,94,19446.099000000002
9,41,19473.01566666667
9,42,19465.11966666667
7,17,19421.396000000004
44,67,19399.906333333336
9,44,19148.41966666667
9,46,19135.621333333333
9,48,17977.58566666667
1,10,18714.546000000006
44,60,18481.927000000003
9,49,17781.181333333334
44,72,17699.407333333336
9,28,15846.480333333337
44,80,14884.40766666667
9,27,14067.208666666671
9,9,14440.20866666667
44,87,9290.895000000002
7,21,9191.279333333337
9,10,9621.29066666667
9,11,9914.07766666667
4,97,11244.908333333336
9,12,11284.726000000004
1,9,12493.955000000005
44,85,12471.925333333338
9,13,13170.618333333337
9,14,13227.414333333338
9,16,13355.608000000006
44,83,13319.672666666671
9,17,11287.122000000005
9,18,10343.399333333336
9,19,7858.164333333337
9,20,7891.341666666671
44,82,7897.94566666667
9,21,7864.079333333338
4,96,9340.376333333337
9,22,9411.11866666667
9,23,9541.426333333338
44,81,9755.985666666671
9,24,8852.414666666671
9,25,8986.645000000006
7,20,9078.638000000004
9,26,9206.624333333337
9,7,9613.406333333338
9,52,9475.72166666667
45,4,10214.319333333337
5,4,10106.82366666667
45,29,10229.753333333336
7,67,10281.384000000002
7,71,9889.696333333335
7,72,10476.754333333338
5,10,9371.06866666667
45,21,9267.006666666672
7,74,8368.920000000004
5,13,8720.69766666667
7,28,7923.47266666667
7,79,7836.205666666671
7,80,7706.141000000004
45,20,7820.774000000004
45,22,7923.492000000004
7,81,7960.445000000004
7,83,7927.515333333338
7,85,7916.011666666671
45,19,7811.435666666671
7,87,8095.06266666667
7,90,7052.093333333337
5,9,7129.671333333336
7,91,7102.903000000004
45,18,7157.891666666671
7,92,7947.238000000004
7,27,7824.030666666671
7,93,7787.713000000003
45,17,7971.7686666666705
7,82,7847.8340000000035
7,60,7795.131333333337
7,59,7032.9206666666705
7,58,6728.302333333338
7,31,6650.139000000004
45,28,6571.898000000004
7,32,6624.05666666667
7,33,5644.357000000004
7,34,5452.19566666667
45,27,5401.82566666667
7,29,5120.582666666671
7,35,4766.794333333338
7,36,4821.5400000000045
7,38,5542.229000000004
5,12,5607.420333333337
45,26,5777.24066666667
7,40,6306.835000000004
7,41,6176.85266666667
7,42,6401.37366666667
1,5,7023.944333333337
45,25,7269.069666666671
7,44,6988.829333333338
7,46,6886.946333333338
7,48,6640.8643333333375
45,24,6518.150000000004
7,49,6219.064666666671
7,52,5381.606000000003
5,11,5559.799000000004
7,55,5629.076333333337
45,23,6044.886000000004
7,56,5760.954666666671
7,94,5840.460000000005
8,37,5924.868333333337
7,95,6933.079000000003
7,97,7011.316333333338
8,20,7081.535333333338
45,9,7318.307333333339
8,21,7376.777333333337
8,22,7491.171666666672
8,23,7877.220333333337
8,24,7958.5040000000035
45,8,9194.684333333336
8,25,9338.071333333337
8,26,8667.129000000004
8,27,8624.802000000003
5,5,8549.281666666671
1,7,8468.097333333337
5,6,8414.158333333336
45,7,8618.527000000004
8,28,7949.186333333336
8,29,7749.418000000004
8,30,7687.054333333337
45,6,7363.070000000003
8,31,7354.786000000004
8,32,7302.912666666671
8,33,7467.180333333337
8,34,7667.676000000004
45,5,8033.811000000003
8,35,7945.0186666666705
7,24,7307.800333333337
8,36,7310.086000000004
45,30,7294.19566666667
8,19,7231.5406666666695
8,18,6573.045000000004
45,10,6863.992000000003
1,6,6882.376333333336
45,16,6630.403666666671
7,98,6499.54466666667
8,1,6854.015000000003
5,8,6926.656000000004
8,2,7998.684666666671
45,14,7098.744333333337
8,3,7101.179333333337
8,4,7649.425333333337
7,26,7693.428000000004
8,5,8067.624333333338
8,6,7410.291333333338
45,13,8246.667000000005
8,7,8347.668333333337
8,8,9239.272333333338
8,9,9542.136000000004
5,7,9701.281666666671
45,12,9773.37866666667
8,10,10494.824666666671
8,11,10844.779333333336
8,12,10944.044333333337
45,11,11095.79966666667
8,13,11392.613333333336
8,14,11696.782333333336
7,25,11773.477333333338
8,16,11940.33066666667
8,17,12067.69266666667
7,96,12065.171000000002
11,91,13034.711000000005
9,55,12826.54966666667
4,93,15273.963000000005
44,1,15517.366333333337
11,7,16419.86733333334
11,8,16942.085000000003
11,9,16954.38666666667
11,10,16525.65233333334
43,98,16502.54566666667
11,11,16738.145333333337
45,34,16483.324333333338
11,12,16547.520000000004
1,4,17128.653333333335
11,13,18324.13166666667
4,72,20531.36
11,6,20082.59733333334
43,97,19831.913333333338
11,16,19623.16566666667
11,17,19779.091333333337
43,96,20433.220000000005
11,18,20314.523000000005
11,19,19868.468333333334
11,20,19854.893
11,21,19689.01966666667
43,95,21309.377333333334
11,22,21379.694333333337
11,23,22160.893333333333
4,71,22157.58
11,24,22168.699000000004
11,14,22858.34066666667
4,74,22066.739333333335
11,5,23143.094666666668
11,4,21431.251000000004
4,80,21746.14566666667
10,82,21597.753333333338
10,83,20496.482000000004
44,6,19973.76166666667
10,85,19289.51466666667
10,87,19917.118666666673
5,16,19616.56633333334
7,10,19745.809000000005
10,90,20078.700000000004
44,5,18930.614666666672
10,91,18074.38666666667
10,92,16851.28566666667
10,93,16784.41933333334
10,94,16148.846333333338
4,79,17786.223000000005
1,13,18693.030666666673
44,4,18171.152000000002
10,95,19798.437
10,96,20231.26266666667
10,97,20136.03866666667
44,3,19938.995000000006
10,98,17474.654666666673
11,1,17822.894333333337
7,9,18763.827000000005
11,2,20204.28133333334
11,3,20354.600000000002
44,2,19969.961333333336
43,94,21058.91366666667
10,81,20115.668000000005
11,25,19603.463333333337
7,8,19417.206000000002
11,54,18658.81333333334
11,55,18907.38133333334
4,59,18917.950333333338
11,56,18901.10466666667
43,82,18222.78266666667
11,58,18103.73666666667
11,59,17494.80133333334
11,60,17023.658000000003
1,16,17304.05133333334
43,81,17532.922666666673
11,67,15975.845000000003
11,71,16291.774000000005
7,6,16377.46266666667
11,72,16779.97533333334
11,74,16126.109666666669
11,79,16782.708000000002
4,58,14575.22466666667
11,80,14519.052666666668
43,79,14775.498000000001
11,81,15144.353000000003
45,35,15200.874000000003
11,82,15207.40966666667
11,83,13426.402000000004
11,85,11868.41666666667
43,74,11536.708666666671
11,87,11749.818000000003
43,80,10676.407333333336
43,83,10469.319333333338
11,52,10225.28766666667
11,49,10092.590000000002
1,14,10492.50966666667
11,27,10322.496000000005
43,93,11524.219333333338
11,28,11494.637000000006
11,29,11476.419333333335
11,30,11590.667333333337
11,31,11632.135333333337
43,92,14437.591000000004
11,32,14384.907000000003
4,67,14167.445000000003
11,33,14060.470000000005
11,34,14251.998000000001
43,91,15265.334000000003
11,35,13151.779666666669
11,36,12546.399333333336
7,7,11850.735000000004
11,37,11930.443000000003
43,90,13646.886000000004
11,38,15653.389333333336
11,40,16926.992000000006
11,41,16902.68366666667
11,42,16332.024000000003
4,60,16229.369000000004
43,87,16173.449000000002
11,44,16384.799333333336
11,46,16567.879000000004
43,85,16009.797666666671
11,26,16188.960333333338
9,56,16126.766000000003
44,7,15797.64166666667
10,79,16541.624000000003
10,4,17947.231000000007
10,5,18375.913000000004
44,33,18339.60666666667
44,32,18095.11
7,14,18242.741
10,6,18391.083666666666
10,7,17585.65633333334
10,8,20178.08466666667
1,11,20362.170333333335
10,9,22011.31366666667
4,90,24764.35266666667
44,31,23649.010000000006
10,3,24213.31566666667
10,10,25759.430333333334
44,28,25554.078
10,12,25688.566333333336
10,13,25502.037000000004
10,14,24359.60366666667
44,27,22698.979666666666
10,16,23147.749333333337
44,26,22955.598333333335
7,13,23394.704000000005
44,25,23389.217666666667
10,17,23998.58266666667
10,18,24038.39033333334
10,19,24136.779666666673
10,11,24661.73266666667
44,38,26136.539000000004
10,2,29544.081666666672
4,91,30658.93733333334
9,59,29167.06
9,60,27526.264333333336
9,67,27640.26766666667
44,56,27645.623333333337
9,71,27387.677000000007
9,72,28185.047000000006
9,74,26414.621333333333
44,52,23558.13533333334
9,79,23403.76766666667
9,81,21665.759000000005
45,32,18447.01566666667
9,82,18823.516333333337
4,92,24071.725666666673
44,49,22506.985333333338
44,46,22674.881000000005
9,85,22407.655000000006
9,87,20901.32033333334
9,90,19728.896000000004
9,91,19758.785666666674
44,42,19260.076000000005
7,16,19441.193666666673
9,92,19636.286333333337
9,94,19635.89266666667
9,95,19927.33766666667
9,96,19284.842000000004
44,40,19750.81333333334
10,1,20374.705000000005
4,87,19354.416000000005
10,80,15944.84866666667
10,20,14142.580333333339
44,23,14142.773666666671
10,41,14716.424000000005
10,42,15010.662000000004
10,44,15332.668333333337
44,12,15302.91366666667
10,46,15859.506333333336
10,48,15828.537000000004
4,82,16839.892000000003
10,49,17127.876333333337
44,11,17056.79066666667
10,50,17137.126000000004
10,52,16907.20533333334
10,54,10997.447000000006
44,13,11259.178000000005
10,55,11579.325333333338
7,11,12016.490000000003
10,56,11596.80533333334
10,58,11674.251666666672
10,59,11652.16966666667
4,81,12784.31366666667
44,9,12601.481000000003
10,60,11972.98266666667
10,67,12379.05566666667
10,71,11585.342000000004
44,8,11664.051333333338
10,72,14473.351000000004
10,74,14130.12466666667
44,10,13642.87666666667
1,12,13997.03466666667
10,40,16694.103333333336
10,38,19588.41266666667
10,21,19307.372666666673
10,22,19608.90633333334
44,21,19304.54466666667
10,23,21257.992000000006
10,24,20206.38766666667
10,25,20660.24566666667
10,26,20308.273666666668
7,12,19720.413000000004
44,20,19703.709000000006
10,27,19689.844
10,28,19580.401666666672
4,85,19651.29966666667
44,18,19413.538666666667
10,29,19353.133000000005
44,17,18919.07166666667
10,30,19163.654000000002
10,31,19099.99666666667
10,32,19590.192666666666
10,33,18938.673333333336
44,16,18951.974333333335
10,34,20240.639666666673
10,35,20075.217000000004
10,36,19760.84833333334
4,83,19902.109000000004
44,14,16552.652666666672
45,33,15603.486000000004
10,37,15740.387333333338
44,24,15379.637000000004
16,24,12303.58866666667
41,79,10104.25866666667
16,25,9983.397000000004
22,18,9751.17666666667
22,19,9765.269666666669
6,26,8079.11666666667
1,44,7788.915333333337
22,20,7301.020333333337
39,98,7018.289333333338
22,21,7035.944666666671
22,22,7440.675333333337
22,23,8333.90966666667
22,24,8625.722000000003
39,97,9481.192333333338
22,25,9812.242333333335
40,1,10119.935000000003
22,26,10488.631000000005
22,27,10299.762666666671
39,96,11163.347333333339
45,67,10860.337000000003
22,28,10419.68266666667
22,29,10682.925666666672
22,30,9495.256333333336
22,31,9365.055000000004
39,95,13230.26666666667
1,2,14304.119000000004
22,32,14412.340666666669
22,33,14509.079666666668
22,34,15085.18766666667
3,28,15090.40266666667
3,29,15049.975000000004
22,17,14802.549000000003
22,16,14767.797666666671
21,94,14292.005666666671
21,95,15427.545000000006
6,28,15176.40066666667
21,97,15065.383000000003
3,31,14919.069333333338
40,6,14637.322000000004
21,98,14466.41066666667
22,1,14964.614333333337
22,2,15589.343000000004
40,5,15761.772000000003
22,3,15082.913333333338
22,4,15792.361000000004
22,5,15981.793000000003
22,6,15699.504000000004
40,4,16372.921333333337
22,7,16173.76666666667
22,8,17340.48666666667
3,30,17341.376333333337
6,27,17117.554333333337
22,9,17697.799333333336
40,3,17741.95366666667
22,10,14468.15466666667
22,11,13419.39466666667
22,12,13416.763000000004
40,2,13949.343000000004
22,13,14485.736000000004
22,14,15009.259333333339
1,45,14971.262333333338
40,7,15042.864000000005
39,94,17211.69266666667
3,27,17223.009000000002
22,81,16426.865000000005
39,83,16614.739000000005
22,82,17151.64933333334
22,83,17172.00866666667
3,24,17170.09566666667
22,85,17250.206666666672
1,46,16906.622333333336
39,82,15999.833000000004
22,87,16031.468000000004
22,90,16561.835000000003
22,91,16216.966000000004
39,81,15955.780000000004
22,80,15914.679333333337
22,92,16960.405333333336
22,94,16178.742000000004
22,95,16605.60066666667
22,96,16563.386000000002
39,80,16983.393000000004
22,97,16442.360000000004
3,23,16702.423333333336
22,98,16097.739333333337
23,1,17274.78666666667
39,79,18601.56333333334
23,2,20096.15866666667
23,3,19273.674333333336
23,4,19660.51566666667
22,93,19742.932000000004
22,79,19706.93633333334
39,85,17438.71766666667
22,74,17925.766000000003
22,36,17625.44866666667
22,38,19597.446333333337
39,93,20513.724333333335
22,40,22323.22166666667
22,41,22244.49066666667
22,42,22387.500333333333
6,25,22197.114333333335
22,44,21667.752666666674
39,92,25479.84066666667
22,46,25348.10366666667
22,49,24629.13533333334
3,26,24066.65566666667
22,52,24084.082333333336
39,91,24507.556
22,54,24508.297333333336
22,55,22911.552333333337
22,56,22961.05266666667
39,90,25425.073000000008
22,58,25300.69833333334
22,59,24894.90366666667
22,60,24894.190333333336
22,67,23726.585333333336
3,25,22426.04633333334
39,87,20408.432000000004
6,24,20136.623333333337
22,71,19356.73666666667
22,72,21160.350666666673
22,35,20867.18266666667
23,5,21864.061333333335
21,93,21379.12466666667
21,91,21517.191000000003
21,6,19387.547000000002
3,40,18515.693000000007
21,7,17224.872000000003
40,26,17368.413333333338
21,8,17666.064000000002
21,9,17767.56166666667
21,10,17968.10766666667
40,25,13821.45266666667
6,32,13443.71466666667
21,11,13773.668000000005
21,12,13772.22566666667
21,13,14552.322000000004
21,5,12756.59766666667
21,14,13158.406000000006
40,24,13063.08866666667
21,16,13072.041000000003
21,17,10341.07866666667
21,18,10572.47266666667
40,23,11090.501333333337
21,19,11134.19766666667
21,20,10894.910333333337
21,21,10838.124000000005
21,22,10757.387333333338
40,22,10832.338666666672
21,23,11733.86866666667
21,24,10113.246666666671
3,38,12983.789666666671
40,27,11988.75766666667
21,4,12548.628666666673
21,3,12617.914666666671
20,79,13715.298000000003
6,33,13222.223333333337
20,80,14024.549333333336
20,81,15075.612666666671
20,82,15590.13566666667
3,42,15236.942666666671
40,32,14940.016333333337
20,83,14892.031333333338
20,85,14787.406666666671
20,87,15704.472333333339
40,31,15655.011666666669
20,90,18021.981666666674
20,91,20111.008333333342
20,92,25425.614000000005
40,30,25397.600666666673
20,93,27031.906000000006
20,94,28854.66766666667
3,41,28616.04
20,95,32967.491
40,29,33036.164000000004
20,97,33717.01933333334
20,98,34310.503000000004
45,59,34106.96433333334
1,40,35755.48466666667
40,28,34734.030333333336
21,1,34975.11433333334
21,2,33388.42733333333
3,36,33353.091
21,92,33586.797000000006
21,25,33819.242
21,26,33010.977333333336
21,56,32867.69766666667
21,58,31542.38666666667
40,12,30475.020333333337
21,59,29445.136333333336
45,60,29333.734333333337
21,60,29218.734333333337
3,33,29175.033333333336
21,67,29170.735333333338
40,11,28412.382000000005
21,71,28497.769333333337
21,72,26359.470666666668
21,74,24117.474666666665
21,55,18598.561
21,79,19140.59866666667
21,80,17450.373000000003
21,81,15613.614333333337
6,29,15763.536000000002
21,82,11350.384666666672
40,9,11826.365333333339
21,83,11016.343000000003
3,32,10505.200333333338
21,85,10536.417000000005
21,87,8919.36866666667
1,42,9156.208333333338
40,8,9819.238333333338
21,90,8701.003000000004
40,10,9415.02666666667
40,13,9297.959333333338
21,52,8856.152333333337
21,49,8842.653000000004
21,27,8848.389000000003
6,31,8900.253000000002
21,28,8783.798666666671
40,20,8882.044666666672
21,29,9020.659333333339
21,30,9156.862666666671
21,31,9148.692000000005
1,41,9025.474000000006
21,32,8728.951333333338
40,18,8862.889666666671
21,33,8016.731333333338
3,35,7748.9100000000035
21,34,8102.368000000004
40,17,7777.030666666671
21,35,7832.24066666667
21,36,7674.934666666671
5,23,7665.173000000004
6,30,7348.640333333337
21,38,7603.471000000004
21,40,8825.522333333336
40,16,8778.446666666669
21,41,8800.523000000005
21,42,8733.04466666667
21,44,8627.429333333337
3,34,7586.793000000003
40,14,7610.341000000004
21,46,7435.174333333337
40,21,6930.846333333337
40,33,6997.3013333333365
39,74,7393.35966666667
23,7,8461.525000000003
6,16,8703.811333333337
1,54,8679.191333333338
39,24,8840.960666666671
24,38,10398.09266666667
24,40,11765.944666666672
24,41,11700.659000000005
3,9,11999.609666666669
24,42,11997.750000000004
39,23,12342.965000000002
24,44,12285.28766666667
24,46,12702.713666666672
24,49,12331.069000000005
24,37,12153.036000000004
39,22,12524.678000000004
24,52,12525.050666666672
3,8,12642.689666666669
39,21,12716.49466666667
24,55,12142.731333333337
24,56,10939.644000000004
6,14,11502.667666666672
24,58,11528.431000000004
39,20,11603.72066666667
24,59,11462.90766666667
24,60,11336.37266666667
24,67,11284.105000000005
24,71,10881.50366666667
24,50,10731.204000000003
24,36,10625.591000000006
24,35,10001.450666666671
39,25,9144.648666666671
6,17,9274.675333333338
24,17,9734.53066666667
39,30,9566.782333333336
24,18,8241.353000000005
24,19,6731.28766666667
24,20,6840.9100000000035
24,21,6664.177000000004
39,29,6647.945333333338
24,22,6360.811666666671
24,23,7061.128000000003
3,11,7031.042000000004
24,24,7031.567333333338
39,28,6948.106000000003
24,25,6861.088666666671
24,26,7091.388333333337
24,27,6879.10066666667
24,28,6683.141666666671
39,27,6456.481333333336
24,29,6618.913666666671
24,30,6028.585333333337
24,31,6011.969333333337
3,10,6168.215333333337
39,26,6579.275000000004
24,32,6770.722000000003
24,33,6607.030000000003
24,34,6969.83266666667
45,74,7224.626000000003
39,19,7188.476333333338
24,16,7283.67766666667
24,72,8703.442000000005
24,74,8682.400666666672
5,25,8305.536333333337
6,12,8412.541000000005
25,5,8460.531333333336
39,10,8970.435000000003
25,6,8894.459666666671
25,7,9231.619666666671
25,8,10123.822000000004
25,9,10200.135333333337
39,9,9894.206333333337
25,10,10171.124333333339
3,4,10304.908000000003
25,11,10579.22966666667
25,4,10896.072000000004
25,12,10725.653666666673
25,13,11506.505333333338
25,14,11788.55166666667
45,79,12185.08666666667
25,16,12138.885000000004
39,7,13290.88066666667
25,17,13586.351666666671
25,18,13512.750333333337
25,20,13168.117000000004
3,3,13140.818000000005
25,21,13125.719333333338
39,6,12696.583333333336
25,22,12595.491333333337
39,8,13887.645333333337
25,3,13934.931000000004
39,11,12938.31866666667
25,2,13727.224333333337
3,7,14006.226333333336
24,79,14538.265000000005
24,80,15063.002333333336
39,17,14947.796666666669
24,81,15671.209333333338
24,82,15775.012000000004
24,83,14824.00366666667
39,16,14802.932000000003
24,85,14288.183000000003
24,87,14406.802333333335
24,90,16601.728666666673
24,91,17963.545000000002
39,14,17935.20066666667
6,13,19064.85766666667
3,6,18276.396333333338
24,92,22171.226000000006
24,93,22978.367666666672
1,55,23153.730333333337
39,13,23892.193000000007
24,94,25082.664333333334
24,95,27553.593000000004
24,96,27846.194000000003
24,97,28257.165000000005
39,12,28282.21133333334
24,98,28551.20566666667
25,1,29242.308333333338
3,5,28430.536333333337
39,18,29013.349000000006
23,6,28461.065000000002
24,14,27742.861
1,52,27434.391000000003
6,22,27236.129333333338
23,27,26492.164666666667
39,56,26151.148666666668
23,28,25432.936666666672
23,29,25166.84933333334
23,30,25229.526000000005
39,55,25134.125333333337
23,31,25263.72966666667
23,32,24793.485333333338
23,33,22683.60233333334
23,34,21811.94833333334
39,54,21181.07933333334
5,24,19993.569000000003
23,35,20086.098
23,36,16001.00566666667
6,21,14983.07266666667
23,38,16073.110000000004
39,52,14137.654333333336
23,40,14718.543333333337
23,41,11960.436333333337
23,42,12025.351333333338
23,44,11709.977666666671
23,46,12634.641000000005
39,49,12602.62866666667
23,49,12706.78066666667
3,18,12355.877333333337
3,19,11555.94766666667
3,20,11495.712333333337
23,26,11595.14166666667
23,25,12088.83366666667
45,71,11673.29666666667
23,8,12834.726333333336
3,22,12936.012333333338
39,72,14658.325000000004
23,9,15757.032666666672
23,10,16564.66933333334
23,11,17127.43633333334
39,71,17174.696000000004
23,12,17008.27666666667
6,23,17452.590333333337
23,13,17904.609666666667
23,14,18981.029000000002
23,16,19143.03366666667
39,67,19407.541333333338
23,17,20235.040333333334
23,18,20709.633666666672
3,21,19355.62166666667
23,19,19330.796000000006
39,60,17208.847333333335
23,20,17486.188000000006
39,59,17062.35266666667
23,21,17088.314000000002
23,22,16795.93466666667
23,23,18227.049333333336
1,48,17265.860000000004
23,24,17533.840000000004
39,58,17691.710333333336
23,50,17882.43966666667
39,31,17344.44533333334
23,52,16878.442666666673
23,54,16754.693333333336
23,95,17137.526
39,36,16996.19666666667
23,96,15669.938666666672
6,19,14344.347333333337
23,97,13598.268000000004
23,98,12753.023000000005
39,35,12568.225333333337
24,1,13075.674333333336
24,2,13503.783333333336
24,3,12525.261000000004
24,4,12365.521333333336
3,13,12608.154000000004
3,14,12381.167333333338
39,34,11952.799333333336
24,6,11337.714000000004
39,33,11565.279333333337
24,7,12246.813000000004
24,8,13966.116333333337
24,9,14407.729666666672
6,18,15154.752333333336
39,32,15035.931000000004
24,10,15185.627000000004
24,11,13923.846000000003
24,12,14039.057333333338
24,13,14593.753333333338
3,12,14492.885333333337
24,5,15006.463666666672
23,93,14996.302666666668
23,92,17374.035333333337
39,38,19255.419
23,55,17882.931
23,56,17924.663000000004
3,17,17575.787000000004
1,49,17834.934000000005
23,58,17782.99066666667
23,59,17794.15133333334
39,44,17956.782000000003
23,60,17285.049000000006
23,67,16476.896333333338
23,71,16542.06466666667
39,42,15751.519333333337
23,72,17241.98266666667
23,74,18253.975000000002
45,72,18655.84666666667
23,79,19524.519333333337
23,80,19298.349333333335
39,41,18703.341333333337
23,81,17288.927000000003
3,16,16642.80066666667
6,20,16136.54366666667
23,82,16793.515000000003
23,83,15885.578333333337
39,40,17712.709666666673
23,85,17729.151666666672
23,87,17905.584666666673
23,90,18658.91666666667
23,91,18632.848666666672
39,46,19667.57866666667
20,74,17840.65366666667
20,72,18077.98366666667
20,71,17933.05066666667
17,74,18337.229333333336
17,79,19143.925333333336
17,80,18805.323
1,31,18667.97366666667
41,26,18900.27733333334
45,52,18720.215000000007
17,81,19232.060000000005
17,82,19380.735666666667
17,83,19071.825000000004
17,85,19051.93666666667
41,25,17395.529000000002
17,87,16734.327000000005
41,27,15879.305000000002
17,90,16289.677000000003
3,97,16252.943333333336
41,24,16297.29733333334
17,92,18186.995000000003
17,93,18195.258000000005
17,94,18026.06566666667
17,95,19006.72033333334
41,23,19628.765333333336
17,96,17347.32266666667
6,55,17549.741666666672
17,97,16713.455333333335
17,98,15906.667333333338
18,1,15906.41266666667
17,91,15316.029000000004
17,72,16205.384666666672
4,1,15739.82066666667
17,71,15602.735666666671
41,33,15376.487666666671
17,36,14489.111000000003
4,3,14892.57866666667
17,38,18028.13166666667
17,40,19380.154333333332
41,32,19509.83566666667
17,41,18994.924000000003
17,42,18527.37566666667
17,44,18821.323333333337
17,45,18716.176333333333
41,31,18510.119333333336
17,46,18882.11433333334
6,56,18905.033000000003
17,48,17661.84633333334
17,49,17647.738000000005
4,2,20627.09966666667
17,52,18555.681333333334
41,30,18481.915000000005
17,54,18406.714333333333
17,55,16818.28966666667
17,56,16152.92966666667
41,29,16274.02566666667
17,58,15933.48666666667
17,59,15652.724333333339
17,60,15642.548333333338
41,28,14916.280000000004
17,67,14668.852000000004
41,22,13495.116333333337
17,35,11886.364333333337
18,2,13722.51766666667
3,96,13636.348000000004
3,92,13934.485333333338
45,54,13500.536000000002
18,25,10894.439333333337
41,13,10493.902666666669
18,26,10706.77266666667
18,27,10811.324666666671
18,28,10721.882000000003
41,12,10570.521000000004
18,29,10928.175333333336
18,30,11017.92566666667
5,21,10134.520000000002
6,52,10182.097000000003
18,24,10319.873666666672
18,31,10401.823333333337
41,11,7745.7286666666705
18,33,7897.613000000004
3,91,7837.608333333337
18,34,8457.599000000004
18,35,8376.027333333337
41,10,8999.631333333336
18,36,8929.684000000003
18,38,10839.092000000002
18,40,12797.354333333338
18,41,12800.825333333338
41,9,14120.806666666671
18,42,14079.652333333337
18,32,13978.431333333338
18,23,15056.724333333337
41,14,13673.109000000002
18,22,14028.532666666672
18,4,14602.37366666667
41,21,14762.775333333335
18,5,14949.206000000004
18,6,13876.331000000004
18,7,14366.238333333336
41,20,14400.153333333337
18,8,15405.542000000005
18,9,15577.30666666667
18,10,15763.000333333337
41,19,15648.82266666667
18,11,16235.696000000004
3,95,16659.616
18,12,16501.51866666667
41,18,17019.00633333334
18,13,17930.252000000004
6,54,17648.118000000006
1,32,17843.08266666667
18,14,18034.713000000003
41,17,18348.51266666667
18,16,17880.472000000005
18,17,18283.24466666667
18,18,16895.50366666667
41,16,15089.01666666667
18,19,15156.012000000004
18,20,14044.451000000003
18,21,13954.771000000004
3,94,13707.905333333336
18,3,12927.710666666671
18,44,12564.59866666667
17,34,12483.51866666667
17,33,11755.97566666667
16,55,11758.967666666671
16,56,11045.915333333338
45,46,11312.121000000005
41,58,10732.484000000004
16,58,10653.48366666667
16,59,9592.223000000004
6,71,9438.252333333337
16,60,8898.109333333336
4,9,9880.956000000004
16,67,9372.220333333336
41,56,8838.671333333337
16,71,8787.373333333338
16,52,8252.055333333337
16,72,7769.093333333338
41,55,7958.324333333338
16,79,7885.529000000004
16,80,7092.65466666667
16,81,6774.074000000004
16,82,6948.353333333336
41,54,6467.885000000004
16,83,5933.216666666671
16,85,5831.39966666667
4,8,7759.409333333338
6,67,7869.957333333337
16,87,8175.47366666667
41,52,8256.173333333336
16,74,8221.597000000003
41,59,8048.641333333337
16,49,7622.871000000004
16,48,7449.536000000004
16,26,7356.180000000004
16,27,7330.788333333337
16,28,6947.546666666671
41,74,7234.708000000003
16,29,7222.17266666667
16,30,7259.9640000000045
6,72,9274.80366666667
16,31,9310.071333333337
16,32,8376.21666666667
41,72,9793.054333333337
4,11,10401.533000000003
16,33,10412.264000000003
16,34,10528.823000000006
41,71,9773.715666666672
16,35,9583.160000000005
16,36,9493.226666666671
16,38,10881.932666666671
41,67,11043.52866666667
16,40,11612.40466666667
16,41,11645.675333333338
16,42,11773.765000000005
4,10,12910.449666666671
16,44,11065.486333333336
1,28,10743.079000000003
41,60,10319.834000000004
16,45,10239.762000000004
16,46,10247.776000000003
16,90,10515.100000000004
6,58,10639.77166666667
16,91,10824.730333333337
16,93,10783.415333333336
17,16,10795.93866666667
17,17,11132.591666666673
17,18,11004.229666666672
17,19,11456.797666666671
4,5,12811.33166666667
41,40,12583.39366666667
17,20,12669.228333333338
17,21,12694.994666666671
17,22,11399.535333333337
41,38,12293.285000000005
17,23,12685.489000000005
6,59,12514.023333333336
41,41,12422.41866666667
17,24,12590.087000000003
41,36,12605.158666666672
17,26,11536.463000000002
17,27,11301.056333333338
17,28,10457.684333333336
4,4,12357.010000000004
1,30,12307.55766666667
41,35,11173.017000000003
17,29,11099.391333333337
17,30,11182.833333333338
17,31,11237.119333333338
41,34,11650.56266666667
17,32,11524.87566666667
17,25,11419.49966666667
17,14,11709.685333333337
17,13,12290.169000000004
17,12,12519.825000000004
16,94,12524.917333333338
41,49,12412.36266666667
16,95,12935.579333333337
16,96,12438.40366666667
16,97,11141.065666666671
1,29,9299.582000000002
41,48,9348.246333333336
16,98,9228.98666666667
17,1,10087.906333333338
4,7,10228.559000000005
17,2,11238.618000000004
41,46,12108.445333333337
17,3,12503.892000000003
17,4,13140.166666666668
17,5,13907.104000000003
41,45,13565.620666666671
17,6,13603.136000000002
17,7,13979.248000000001
41,44,12233.560333333337
6,60,12160.257666666672
17,8,12836.121333333336
17,9,13746.526333333337
4,6,13897.69933333334
17,10,14354.539000000002
1,3,14224.913000000002
41,42,14220.806666666671
17,11,14527.83666666667
16,92,14924.758000000003
6,49,14551.40666666667
3,90,14349.458000000004
41,8,15584.673000000004
19,98,15799.525000000003
40,58,14934.842333333338
20,1,16297.266333333337
20,2,18605.624333333337
20,3,18820.566333333336
3,56,18664.541000000005
40,56,18686.643333333337
20,4,19221.698666666674
20,5,18779.42366666667
20,6,17555.88933333334
40,55,16869.139333333336
35,21,16489.33866666667
19,97,16249.224000000006
20,7,17389.275666666672
6,37,17530.904333333336
20,9,18821.666000000005
40,54,18386.29966666667
20,10,19630.521000000004
20,11,20311.375333333337
3,55,19775.233000000004
20,12,19007.984333333334
40,52,18786.322333333337
20,13,20039.92566666667
20,14,20477.83133333334
20,16,20444.396333333334
20,17,20632.026000000005
20,8,22510.98833333334
6,38,24453.535
19,96,24859.71533333334
40,59,23580.968666666668
19,67,23516.299000000003
40,74,23703.31666666667
19,71,22499.053000000007
19,72,22286.738000000005
19,74,22432.98833333334
40,72,23597.63933333334
19,79,24208.410666666674
19,80,23256.480333333337
19,81,22704.418
3,60,22453.410333333337
1,36,22277.824000000004
40,71,22261.18266666667
19,82,22341.27866666667
5,22,20470.84666666667
6,40,22402.788333333338
19,83,21121.219666666675
19,85,21251.811666666672
40,67,20050.586333333336
19,87,19979.680666666667
19,90,21935.012000000002
19,91,23287.705000000005
19,92,26962.49866666667
40,60,25187.56966666667
19,93,25578.973
19,94,26493.877000000004
3,59,25825.713000000003
19,95,25943.445000000003
20,18,24240.037000000004
19,60,23792.393333333333
1,37,23872.665333333334
20,19,23484.767333333337
6,35,23281.402333333335
20,41,23346.242666666672
20,42,21461.603000000003
3,49,20976.071000000004
40,38,21081.936333333335
20,44,20776.12966666667
20,46,21076.435
20,48,20554.137333333336
3,46,20750.708333333336
40,37,20810.86833333334
20,49,21540.49333333334
20,50,20976.208333333336
40,40,22008.570000000003
1,38,22227.94833333334
40,36,22144.116666666665
20,54,22014.955333333335
6,34,22252.482000000004
20,55,22062.464000000004
20,56,19951.61466666667
40,35,18424.76266666667
20,58,14826.634333333337
20,59,14839.754333333336
3,44,13823.809000000005
20,60,12776.866333333337
20,67,13301.993333333337
40,34,10739.179333333337
20,52,10201.855333333337
20,40,12988.335000000003
20,38,16473.33766666667
20,37,16611.566333333336
20,20,16720.289000000004
40,48,16568.898000000005
20,21,16670.185000000005
20,22,17147.969000000005
3,54,15859.407333333336
20,23,16636.308000000005
40,46,15938.859666666669
20,24,16026.11266666667
45,58,15961.708333333336
20,25,16414.094333333334
20,26,16107.53266666667
20,27,16109.148000000005
40,45,14982.620000000003
20,28,12735.421333333337
40,44,12836.771666666671
6,36,12856.894000000004
20,29,12641.243333333337
3,52,12251.221000000003
20,30,12335.72566666667
20,31,12374.142333333339
40,42,12417.405333333336
20,32,12779.704000000003
20,33,12938.514333333336
20,34,13534.761333333336
20,35,13150.24066666667
40,41,12911.553333333337
20,36,12878.018333333337
40,49,10076.93666666667
3,67,6594.29966666667
19,59,6467.790333333337
45,56,6314.62666666667
18,90,7133.8430000000035
18,91,7527.247333333336
18,92,9336.839333333337
41,1,10391.65266666667
18,93,9394.961000000005
18,94,9395.417333333338
3,82,9431.884333333339
18,95,11117.013333333338
18,96,10586.476000000004
40,98,10370.312333333339
18,97,10530.284000000005
18,98,10607.53733333334
18,87,11222.050666666672
19,1,11891.609333333336
45,55,11979.597000000005
40,97,12254.848666666669
19,2,13761.247333333336
19,3,13994.27866666667
19,4,14853.794000000004
40,96,15134.156000000006
19,5,15607.370000000003
19,6,15457.514333333336
3,81,14899.830666666672
19,7,15747.630000000005
40,95,17716.119000000002
19,8,19102.809333333338
1,34,19420.27066666667
6,46,20012.76766666667
41,2,21644.968666666668
18,85,21655.733333333337
18,46,21466.109333333337
18,49,21081.813000000006
18,50,18827.740000000005
1,33,17945.08033333334
41,7,18574.564000000002
18,52,18388.273000000005
18,55,18330.744333333336
18,56,16541.65033333334
41,6,16655.467333333338
18,58,16588.681000000004
3,87,16407.887333333336
18,59,16333.702333333336
6,48,15806.640000000003
18,60,15021.431000000004
41,5,15809.613000000003
18,67,15487.501000000006
18,71,14125.668333333337
18,72,15486.468666666673
18,74,15168.49066666667
41,4,15836.965333333335
18,79,15716.453333333337
18,80,15629.718333333336
18,81,15981.135000000004
41,3,15369.61566666667
18,82,13875.761666666669
3,85,12434.835666666671
18,83,12177.140333333338
19,9,12753.702666666672
19,10,12212.795000000004
6,44,12482.137333333338
19,11,12341.968333333336
19,34,12442.556666666671
19,35,12501.462000000003
3,72,13360.427666666672
19,36,12680.009333333339
40,83,12658.494333333336
19,37,12558.595000000003
19,38,14818.31166666667
19,39,14704.892333333335
19,40,16208.38166666667
40,82,16632.910000000003
6,41,16776.917000000005
19,41,16748.366333333335
19,42,16961.425333333336
19,44,16233.784666666672
19,46,16634.208000000002
19,47,16462.667000000005
3,71,14761.243333333337
40,81,14733.577666666672
19,49,13821.673666666671
19,50,13129.686333333339
19,52,13164.781666666671
40,80,13281.806000000004
19,54,12906.333000000004
19,55,12711.162000000006
19,56,12752.333000000004
19,58,12950.53566666667
40,79,12083.43466666667
40,85,11027.358333333337
39,5,11582.724000000006
1,35,11070.698333333337
19,32,10726.738333333336
40,94,11665.159333333339
19,12,10830.900666666672
19,13,11834.971333333338
19,14,12318.77066666667
19,16,12403.261000000004
40,93,10991.202000000003
19,17,11549.99266666667
3,79,10108.551333333338
19,18,10120.275666666672
19,20,10155.747000000005
40,92,13155.633000000005
19,21,13143.854666666672
19,22,13363.45466666667
19,23,13674.432333333338
19,24,13840.452666666672
40,91,15143.590000000004
19,25,14933.663000000004
6,42,15072.27666666667
19,26,15344.382333333338
19,27,15381.175000000005
3,74,14980.38366666667
40,90,17009.28966666667
19,28,16766.052333333337
19,29,16910.500333333337
40,87,17380.061333333335
19,30,17110.768333333337
19,31,17149.51466666667
19,33,16473.30766666667
45,98,16446.777000000006
